Producto,Precio
Zapatillas casual de mujer Nike Air Force 1 '07 Nike,"Desde95,95 €EUR"
Zapatillas de running de niños Star Runner 4 Nike,"48,95 €EUR"
Zapatillas de running de hombre Revolution 7 Nike,"31,95 €EUR"
Zapatillas casual de bebés/niños Blazer Mid '77 Nike,"39,99 €EUR"
Zapatillas de baloncesto de niños Team Hustle D 11 Nike,"41,95 €EUR"
Zapatillas casual de niños Blazer Mid '77 Nike,"59,99 €EUR"
Zapatillas de running de niños Revolution 7 GS Nike,"31,45 €EUR"
Zapatillas casual de bebés Star Runner 4 Nike,"44,99 €EUR"
Zapatillas de golf de hombre Roshe G Next Nature Nike,"27,95 €EUR"
Zapatillas casual de niños Nike Court Borough Low Recraft Nike,"31,45 €EUR"
Zapatillas de fútbol sala de hombre StreetGato Nike,"69,99 €EUR"
Zapatillas de running de niños Nike Star Runner 4 Nike,"69,95 €EUR"
Zapatillas de running de niños Kidfinity Nike,"59,99 €EUR"
Zapatillas casual de bebés Nike Court Borough Low Recraft Nike,"54,99 €EUR"
Zapatillas casual de hombre Nike Court Vision Low Next Nature Nike,"49,99 €EUR"
